<?xml version="1.0" encoding="utf-8"?>
<MAGA_Calculator>
	<global_data>
		<number_of_input_sections>6</number_of_input_sections> <!--required. Have to be greater than 1-->
		<wing_span unit="m">28.01</wing_span> <!--required-->
		<wing_surface unit="m²">82.5</wing_surface> <!--required-->
	</global_data>
    <geometry>
		<eta_stations>0.0;0.12;0.399;0.4;0.75;1.0</eta_stations> <!--required-->
		<chords unit="m">6.39;5.28;2.72;2.707;1.74;1.05</chords> <!--required-->
        <maximum_thickness>0.18;0.15;0.13;0.15;0.15;0.13</maximum_thickness>
		<leading_edge_radius unit="m">0.18;0.15;0.13;0.15;0.15;0.13</leading_edge_radius>
		<trailing_edge_angle unit="°">0.0;0.0;0.0;0.0;0.0;0.0</trailing_edge_angle>
    </geometry>
    <aerodynamic>
        <alpha_zero_lift unit="°">-2.6;-2.4;-2.2;-2.0;-1.8;-1.6</alpha_zero_lift>
		<angle_of_end_linearity unit="°">5.0;6.0;7.0;8.0;9.0;10.0</angle_of_end_linearity>
		<angle_of_stall unit="°">18.0;18.5;19.0;19.5;20.0;20.5</angle_of_stall>
		<lift_coefficient_alpha_zero>0.10;0.11;0.12;0.13;0.14;0.15</lift_coefficient_alpha_zero>
		<lift_coefficient_end_linearity>0.8;0.85;0.9;0.95;1.0;1.05</lift_coefficient_end_linearity>
        <maximum_lift_coefficient>1.8;1.85;1.9;1.95;2.0;2.05</maximum_lift_coefficient>
		<lift_curve_slope unit="1/°">0.10;0.105;0.11;0.115;0.12;0.125</lift_curve_slope>
        <minimum_drag_coefficient>0.007;0.0075;0.008;0.0085;0.009;0.0095</minimum_drag_coefficient>
		<lift_coefficient_at_minimum_drag>0.11;0.12;0.13;0.14;0.15;0.16</lift_coefficient_at_minimum_drag>
		<k_factor_drag_polar>0.10;0.105;0.11;0.115;0.12;0.125</k_factor_drag_polar>
        <aerodynamic_center>0.225;0.23;0.235;0.24;0.245;0.25</aerodynamic_center>
		<pitching_moment_coefficient_aerodynamic_center>-0.07;-0.072;-0.074;-0.076;-0.078;-0.08</pitching_moment_coefficient_aerodynamic_center>
		<stall_pitching_moment_coefficient_aerodynamic_center>-0.08;-0.082;-0.084;-0.086;-0.088;-0.09</stall_pitching_moment_coefficient_aerodynamic_center>
    </aerodynamic>
    <other>
		<other_values>0.18;0.15;0.13;0.18;0.15;0.13</other_values>
    </other>
</MAGA_Calculator>