<?xml version="1.0" encoding="UTF-8"?>
<runscript initialize="initialCondition" name="D150_JSBSim">
   <decription>CPACS simulation with JSBSim through JPAD software</decription>
   <use aircraft="D150_JSBSim" initialize="initialCondition"/>
  <run start="0.0" end="90" dt="0.00833333333333333333">

    <!-- Initialize with brakes on -->
    <property> simulation/notify-time-trigger </property>
    <property value="1"> simulation/run_id </property>
    <property value="1"> fcs/left-brake-cmd-norm </property>
    <property value="1"> fcs/right-brake-cmd-norm </property>
    <property value="3.49"> guidance/specified-heading-rad </property>
    <property value="2498"> simulation/randomseed </property>

    <event name="engine start">
      <description>Start the engine and set roll control to heading hold</description>
      <condition> simulation/sim-time-sec &gt;= 0.25 </condition>
      <set name="fcs/throttle-cmd-norm"  value="1.0" action="FG_RAMP" tc ="0.5"/>
	  <set name="fcs/flap-cmd-norm" value="0.33"/>
      <notify>
        <property caption="Sim Run ID: ">simulation/run_id</property>
        <property>velocities/h-dot-fps</property>
        <property>velocities/v-north-fps</property>
        <property>velocities/v-east-fps</property>
        <property>velocities/v-down-fps</property>
        <property>velocities/u-fps</property>
        <property>velocities/v-fps</property>
        <property>velocities/w-fps</property>
        <property>velocities/p-rad_sec</property>
        <property>velocities/q-rad_sec</property>
        <property>velocities/r-rad_sec</property>
        <property>velocities/pi-rad_sec</property>
        <property>velocities/qi-rad_sec</property>
        <property>velocities/ri-rad_sec</property>
        <property>velocities/eci-velocity-mag-fps</property>
        <property>velocities/vc-fps</property>
        <property>velocities/vc-kts</property>
        <property>velocities/ve-fps</property>
        <property>velocities/ve-kts</property>
        <property>velocities/vtrue-fps</property>
        <property>velocities/vtrue-kts</property>
        <property>velocities/machU</property>
        <property>velocities/p-aero-rad_sec</property>
        <property>velocities/q-aero-rad_sec</property>
        <property>velocities/r-aero-rad_sec</property>
        <property>velocities/phidot-rad_sec</property>
        <property>velocities/thetadot-rad_sec</property>
        <property>velocities/psidot-rad_sec</property>
        <property>velocities/u-aero-fps</property>
        <property>velocities/v-aero-fps</property>
        <property>velocities/w-aero-fps</property>
        <property>velocities/vt-fps</property>
        <property>velocities/mach</property>
        <property>velocities/vg-fps</property>
      
      </notify>
    </event>

    <event name="Begin roll">
      <description>Release brakes and get rolling with flaps at 10 degrees. </description>
      <condition> simulation/sim-time-sec &gt;= 3.0 </condition>
      <set name="fcs/flap-cmd-norm" value="1"/>
      <notify>
        <property caption="Cal. airspeed (kts):  "> velocities/vc-kts</property>
        <property caption="Altitude (AGL, ft):   "> position/h-agl-ft</property>
        <property caption="Latitude (geod, deg): "> position/lat-geod-deg</property>
        <property caption="Altitude (geod, ft):  "> position/geod-alt-ft</property>
        <property caption="Throttle pos:         "> fcs/throttle-pos-norm[0] </property>
        <property caption="Weight (lbs):         "> inertia/weight-lbs </property>
		<property caption="Flap deflection:         "> fcs/flap-cmd-norm </property>
		<property caption="Flap deflection:         "> fcs/flap-pos-deg </property>
      </notify>
    </event>

    <event name="Rotate">
      <description>Set Autopilot for 1000 ft and rotate at 51 keas. </description>
      <condition> velocities/vc-kts &gt;= 70 </condition>
      <set name="fcs/flap-cmd-norm" value="1.0"/>
      <notify>
        <property caption="Cal. airspeed (kts):  "> velocities/vc-kts</property>
        <property caption="Altitude (AGL, ft):   "> position/h-agl-ft</property>
        <property caption="Latitude (geod, deg): "> position/lat-geod-deg</property>
        <property caption="Altitude (geod, ft):  "> position/geod-alt-ft</property>
        <property caption="Throttle pos:         "> fcs/throttle-pos-norm[0] </property>
        <property caption="Weight (lbs):         "> inertia/weight-lbs </property>
		<property caption="Flap comand:         "> fcs/flap-cmd-norm </property>
		<property caption="Flap deflection:         "> fcs/flap-cmd-norm </property>
		<property caption="Flap deflection:         "> fcs/flap-pos-deg </property>
      </notify>
    </event>

    <event name="Adjust throttle/flaps">
      <description>Remove flaps at 1000 ft and set heading to 100; acquire heading.</description>
      <notify/>
      <condition>
        position/h-agl-ft &gt;= 1000
      </condition>
	  <set name="fcs/flap-cmd-norm" value="0.33"/>
    </event>

    <event name="Time Notify" persistent="true">
      <description>Output message at 1 minute intervals</description>
      <condition> simulation/sim-time-sec &gt;= simulation/notify-time-trigger </condition>
      <set name="simulation/notify-time-trigger" value="60" type="FG_DELTA"/>
      <notify>
        <property caption="Cal. airspeed (kts):  "> velocities/vc-kts</property>
        <property caption="Altitude (AGL, ft):   "> position/h-agl-ft</property>
        <property caption="Latitude (geod, deg): "> position/lat-geod-deg</property>
        <property caption="Altitude (geod, ft):  "> position/geod-alt-ft</property>
        <property caption="Throttle pos:         "> fcs/throttle-pos-norm[0] </property>
        <property caption="Weight (lbs):         "> inertia/weight-lbs </property>
		<property caption="Flap deflection:         "> fcs/flap-cmd-norm </property>
		<property caption="Flap deflection:         "> fcs/flap-pos-deg </property>
      </notify>
    </event>

  </run>
</runscript>
