<?xml version="1.0" encoding="utf-8"?>
<high_lift_executable>
        <INPUT>
                <flight_condition>
                        <alpha_current unit = "°">5.0</alpha_current>
                </flight_condition>
                <wing>
                        <geometry>
                                <aspect_ratio>9.54</aspect_ratio>
                                <span unit = "m">28.01</span>
                                <surface unit = "m²">82.7</surface>
                                <root_chord_equivalent_wing unit = "m">4.84</root_chord_equivalent_wing>
                                <sweep_quarter_chord_equivalent_wing unit = "°">26.3</sweep_quarter_chord_equivalent_wing>
                                <taper_ratio_equivalent_wing>0.217</taper_ratio_equivalent_wing>
                        </geometry>
                        <clean_configuration_parameters>
                                <alpha_stall_clean unit = "°">21.26</alpha_stall_clean>
                                <alpha_star_clean unit = "°">8.88</alpha_star_clean>
                                <cL0_clean>0.00511</cL0_clean>
                                <cLalpha_clean unit="1/°">0.08</cLalpha_clean>
                                <cLmax_clean>1.58</cLmax_clean>
                                <cLStar_clean>0.762</cLStar_clean>
                        </clean_configuration_parameters>
                        <mean_airfoil>
                                <cl_alpha_mean_airfoil unit="1/°">0.121</cl_alpha_mean_airfoil>
                                <cl0_mean_airfoil>0.235</cl0_mean_airfoil>
                                <leading_edge_radius_mean_airfoil unit = "m">0.03754</leading_edge_radius_mean_airfoil>
                                <mean_airfoil_chord unit = "m">3.35</mean_airfoil_chord>
                                <max_thickness_mean_airfoil>0.15</max_thickness_mean_airfoil>
                                <airfoil_family>NACA_5_DIGIT</airfoil_family>
                        </mean_airfoil>
                </wing>
                <flaps>
                        <flap id = "1">
                                <flap_type>FOWLER</flap_type>
                                <flap_chord_ratio>0.3</flap_chord_ratio>
                                <flap_deflection unit = "°">30</flap_deflection>
                                <flap_non_dimensional_inner_station>0.12</flap_non_dimensional_inner_station>
                                <flap_non_dimensional_outer_station>0.399</flap_non_dimensional_outer_station>
                        </flap>
                        <flap id = "2">
                                <flap_type>FOWLER</flap_type>
                                <flap_chord_ratio>0.3</flap_chord_ratio>
                                <flap_deflection unit = "°">30</flap_deflection>
                                <flap_non_dimensional_inner_station>0.4</flap_non_dimensional_inner_station>
                                <flap_non_dimensional_outer_station>0.75</flap_non_dimensional_outer_station>
                        </flap>
                </flaps>
                <slats>
                        <slat id = "1">
                                <slat_deflection unit = "°">25</slat_deflection>
                                <slat_chord_ratio>0.134</slat_chord_ratio>
                                <slat_extension_ratio>1.1</slat_extension_ratio>
                                <slat_non_dimensional_inner_station>0.126</slat_non_dimensional_inner_station>
                                <slat_non_dimensional_outer_station>0.292</slat_non_dimensional_outer_station>
                        </slat>
                        <slat id = "2">
                                <slat_deflection unit = "°">25</slat_deflection>
                                <slat_chord_ratio unit = "">0.166</slat_chord_ratio>
                                <slat_extension_ratio>1.1</slat_extension_ratio>
                                <slat_non_dimensional_inner_station>0.364</slat_non_dimensional_inner_station>
                                <slat_non_dimensional_outer_station>0.564</slat_non_dimensional_outer_station>
                        </slat>
                        <slat id = "3">
                                <slat_deflection unit = "°">25</slat_deflection>
                                <slat_chord_ratio>0.223</slat_chord_ratio>
                                <slat_extension_ratio>1.1</slat_extension_ratio>
                                <slat_non_dimensional_inner_station>0.564</slat_non_dimensional_inner_station>
                                <slat_non_dimensional_outer_station>0.764</slat_non_dimensional_outer_station>
                        </slat>
						<slat id = "4">
                                <slat_deflection unit = "°">25</slat_deflection>
                                <slat_chord_ratio>0.299</slat_chord_ratio>
                                <slat_extension_ratio>1.1</slat_extension_ratio>
                                <slat_non_dimensional_inner_station>0.764</slat_non_dimensional_inner_station>
                                <slat_non_dimensional_outer_station>0.948</slat_non_dimensional_outer_station>
                        </slat>
                </slats>
        </INPUT>
</high_lift_executable>
