<?xml version="1.0" encoding="utf-8"?>
<MAGA_Calculator>
	<global_data>
		<number_of_input_sections>3</number_of_input_sections> <!--required. Have to be greater than 1-->
		<wing_span unit="m">28.01</wing_span> <!--required-->
		<wing_surface unit="m²">82.5</wing_surface> <!--required-->
	</global_data>
    <geometry>
		<eta_stations>0.0;0.399;1.0</eta_stations> <!--required-->
		<chords unit="m">6.39;2.72;1.05</chords> <!--required-->
        <maximum_thickness>0.161;0.149;0.119</maximum_thickness>
		<leading_edge_radius unit="m">0.03892;0.04265;0.0292</leading_edge_radius>
		<trailing_edge_angle unit="°"></trailing_edge_angle>
    </geometry>
    <aerodynamic>
        <alpha_zero_lift unit="°"></alpha_zero_lift>
		<angle_of_end_linearity unit="°"></angle_of_end_linearity>
		<angle_of_stall unit="°"></angle_of_stall>
		<lift_coefficient_alpha_zero>0.2373;0.19315;0.3552</lift_coefficient_alpha_zero>
		<lift_coefficient_end_linearity></lift_coefficient_end_linearity>
        <maximum_lift_coefficient></maximum_lift_coefficient>
		<lift_curve_slope unit="1/°">0.11985;0.1185;0.1117</lift_curve_slope>
        <minimum_drag_coefficient></minimum_drag_coefficient>
		<lift_coefficient_at_minimum_drag></lift_coefficient_at_minimum_drag>
		<k_factor_drag_polar></k_factor_drag_polar>
        <aerodynamic_center></aerodynamic_center>
		<pitching_moment_coefficient_aerodynamic_center></pitching_moment_coefficient_aerodynamic_center>
		<stall_pitching_moment_coefficient_aerodynamic_center></stall_pitching_moment_coefficient_aerodynamic_center>
    </aerodynamic>
    <other>
		<other_values></other_values>
    </other>
</MAGA_Calculator>