<?xml version="1.0" encoding="utf-8"?>
<high_lift_executable>
        <INPUT>
                <flight_condition>
                        <alpha_current unit = "°">5.0</alpha_current>
                </flight_condition>
                <wing>
                        <geometry>
                                <aspect_ratio>6.96</aspect_ratio>
                                <span unit = "m">59.639</span>
                                <surface unit = "m²">511.0</surface>
                                <root_chord_equivalent_wing unit = "m">13.346</root_chord_equivalent_wing>
                                <sweep_quarter_chord_equivalent_wing unit = "°">35.5</sweep_quarter_chord_equivalent_wing>
                                <taper_ratio_equivalent_wing>0.284</taper_ratio_equivalent_wing>
                        </geometry>
                        <clean_configuration_parameters>
                                <alpha_stall_clean unit = "°">21.59</alpha_stall_clean>
                                <alpha_star_clean unit = "°">10.32</alpha_star_clean>
                                <cL0_clean>0.084</cL0_clean>
                                <cLalpha_clean unit="1/°">0.0719</cLalpha_clean>
                                <cLmax_clean>1.46</cLmax_clean>
                                <cLStar_clean>0.826</cLStar_clean>
                        </clean_configuration_parameters>
                        <mean_airfoil>
                                <cl_alpha_mean_airfoil unit="1/°">0.1099</cl_alpha_mean_airfoil>
                                <cl0_mean_airfoil>0.15</cl0_mean_airfoil>
                                <leading_edge_radius_mean_airfoil unit = "m">0.1164</leading_edge_radius_mean_airfoil>
                                <mean_airfoil_chord unit = "m">12.0</mean_airfoil_chord>
                                <max_thickness_mean_airfoil>0.15</max_thickness_mean_airfoil>
                                <airfoil_family>NACA_63_SERIES</airfoil_family>
                        </mean_airfoil>
                </wing>
                <flaps>
                        <flap id = "1">
                                <flap_type>TRIPLE_SLOTTED</flap_type>
                                <flap_chord_ratio>0.18</flap_chord_ratio>
                                <flap_deflection unit = "°">30</flap_deflection>
                                <flap_non_dimensional_inner_station>0.104</flap_non_dimensional_inner_station>
                                <flap_non_dimensional_outer_station>0.357</flap_non_dimensional_outer_station>
                        </flap>
                        <flap id = "2">
                                <flap_type>TRIPLE_SLOTTED</flap_type>
                                <flap_chord_ratio>0.18</flap_chord_ratio>
                                <flap_deflection unit = "°">30</flap_deflection>
                                <flap_non_dimensional_inner_station>0.411</flap_non_dimensional_inner_station>
                                <flap_non_dimensional_outer_station>0.636</flap_non_dimensional_outer_station>
                        </flap>
                </flaps>
                <slats>
                        <slat id = "1">
                                <slat_deflection unit = "°">15</slat_deflection>
                                <slat_chord_ratio>0.09</slat_chord_ratio>
                                <slat_extension_ratio>1.1</slat_extension_ratio>
                                <slat_non_dimensional_inner_station>0.192</slat_non_dimensional_inner_station>
                                <slat_non_dimensional_outer_station>0.364</slat_non_dimensional_outer_station>
                        </slat>
                        <slat id = "2">
                                <slat_deflection unit = "°">15</slat_deflection>
                                <slat_chord_ratio unit = "">0.136</slat_chord_ratio>
                                <slat_extension_ratio>1.1</slat_extension_ratio>
                                <slat_non_dimensional_inner_station>0.414</slat_non_dimensional_inner_station>
                                <slat_non_dimensional_outer_station>0.648</slat_non_dimensional_outer_station>
                        </slat>
                        <slat id = "3">
                                <slat_deflection unit = "°">15</slat_deflection>
                                <slat_chord_ratio>0.187</slat_chord_ratio>
                                <slat_extension_ratio>1.1</slat_extension_ratio>
                                <slat_non_dimensional_inner_station>0.692</slat_non_dimensional_inner_station>
                                <slat_non_dimensional_outer_station>0.961</slat_non_dimensional_outer_station>
                        </slat>
                </slats>
        </INPUT>
</high_lift_executable>
